ck3,eu5,regional,note
# Curated CK3 culture -> EU5 culture table.
# eu5      = default EU5 culture.
# regional = optional: space-separated EU5 cultures and/or group:<culture_group>.
#            If a location's vanilla (1337) majority culture is in this set, that
#            culture is kept instead of the default, so e.g. CK3 "German" becomes
#            Bavarian in Bavaria and Saxon in Saxony.
# Cultures not listed here are matched automatically by key/name, then via
# heritage_defaults.csv. Edit freely; the GUI also shows this table.
emishi,ainu_culture,,Emishi -> Ainu
kru,western_kru,eastern_kru western_kru,
guan,akan,,Guan are Akan-related
trojan,greek_culture,group:greek_group,
macedonian,greek_culture,group:greek_group,
levantine,levantine_culture,syriac_culture alawite_culture levantine_culture,
egyptian,lower_egyptian_culture,lower_egyptian_culture upper_egyptian_culture,
maghrebi,moroccan,moroccan algerian tunisian libyan_arabic_culture hassaniya andalusi,
nakkavaram,nicobarese_culture,,
senoi,orang_asli_culture,,
dayak,ngaju_culture,ngaju_culture iban_culture bidayuh_culture kenyah_culture,
bisayan,cebuano_culture,cebuano_culture hiligaynon_culture boholano_culture butuanon_culture cuyonon_culture,
iloko,ilocano_culture,,
bugis,buginese_culture,,
toraja,torajan_culture,,
maluku,ternate_culture,ternate_culture tidore_culture seramese_culture,
papuan,biak_culture,group:papuan_group,
amis,formosan_culture,,
latgalian,latvian,,
lithuanian,aukstaitian,aukstaitian samogitian,
east_bantu,swahili_culture,group:bantu_group,
butr,zenati,group:amazigh_group,
baranis,masmuda,group:amazigh_group,
pictish,highland,,Picts -> Highland Scots
cumbrian,northumbrian,,
kachin,jingpo_culture,,
baekje,korean_culture,,
goguryeo,korean_culture,,
balhae,korean_culture,,
goryeo,korean_culture,,
silla,korean_culture,,
kanuri,kanembu_culture,,
langobard,lombard,,
franconian,east_franconian,east_franconian rhine_franconian moselle_franconian ripuarian_franconian low_franconian,
bavarian,danube_bavarian,danube_bavarian southern_bavarian upper_palatine,
dutch,low_franconian,group:netherlandish_group,
german,east_franconian,group:german_group,
han,zhongyuan_culture,group:chinese_group,
kannada,kannadiga,,
ethiopian,amhara,amhara tigrinya tigre gurage,
welayta,ometo_culture,,
russian,muscovite,group:russian_group,
ilmenian,novgorodian,novgorodian pomor,
ancient_egyptian,coptic_culture,,
frankish,french,group:french_group,
occitan,languedocien,languedocien gascon provencal limousin auvergnat vivaro_alpine,
gaelic,highland,highland irish norse_gael,
hunnic,cuman_culture,,
andalusian,andalusi,,
visigothic,castilian,castilian leonese aragonese catalan galician portuguese,
suebi,galician,galician portuguese,
oriya,orissan,,
assamese,kamarupi,,
rajput,marwari,marwari mewari dhundhari harauti bagri,
sinhala,sinhalese,,
nepali,khas_culture,group:nepali_group,
persian,farsi_culture,farsi_culture khorasani_culture adhari_culture lur_culture gilak_culture mazanderani_culture semnani_culture achomi_culture,
daylamite,gilak_culture,gilak_culture mazanderani_culture talysh_culture,
saka,khorasani_culture,,
sogdian,tajik_culture,,
khwarezmian,khorezmian_culture,,
radhanite,mizrahi,,
bavlim,mizrahi,,
hebrew,mizrahi,,
japanese,saigoku_culture,group:japanese_group,
ryukyuan,ryukyu_culture,,
italian,tuscan,group:italian_group,
cisalpine,lombard,lombard piedmontese emilian ligurian venetian romagnol,
mogyer,hungarian,,
ongud,tumed_culture,,
mongol,mongolian_culture,group:mongolian_group,
naiman,mongolian_culture,,
kerait,mongolian_culture,,
khitan,daur_culture,,
shiwei,daur_culture,,
tuyuhun,monguor_culture,,
norse,norwegian,group:scandinavian_group,
carthaginian,tunisian,,
tangut,amdowa_culture,,
qiang,gyalrong_culture,,
sorko,songhai,,
gaw,songhai,,
bozo,bambara,,
pulaar,fulbe,,
tai,thai_culture,group:thai_group,
bouxcuengh,zhuang_culture,,
bodpa,utsang_culture,group:tibetan_group,
zhangzhung,changpa_culture,,
sumpa,amdowa_culture,,
tsangpa,utsang_culture,,
lhomon,ngalop_culture,,
tocharian,uyghur_culture,,
mohe,jurchen_culture,,
turkish,turkish_culture,turkish_culture turkmen_culture azeri_culture turkoman_culture,Oghuz
pecheneg,cuman_culture,,
khazar,nogai,,
karluk,uyghur_culture,,
kimek,kazani,,
kipchak,cuman_culture,cuman_culture nogai kazani crimean astrakhani,
laktan,uyghur_culture,,
kirghiz,kyrgyz_culture,,
yughur,yugur_culture,,
uriankhai,tuvan_culture,,
shatuo,uyghur_culture,,
kazak,nogai,,
khanty,khanty_culture,,
viet,vietnamese_culture,,
vlach,wallachian,group:romanian_group,
mordvin,erzya_culture,erzya_culture moksha_culture,
meshchera,meschera_culture,,
muroma,erzya_culture,,
malinke,mandinka,,
gur,gurunsi,gurunsi gurma mossi dagbani mamprusi,
marka,soninke,,
mel,temne,temne bullom sherbro kissi gola,
anglo_saxon,english,english northumbrian,
old_saxon,lower_saxon,lower_saxon eastphalian westphalian holsatian angrian,
pommeranian,eastern_pomeranian,eastern_pomeranian western_pomeranian kashubian,
polish,greater_polish,group:polish_group,
slovien,slovak,,
carantanian,slovene,,
hindustani,dehlavi,dehlavi kannauji awadhi braji haryanvi_culture bundeli,
samoyed,nenets_culture,,
roman,roman_culture,,
greek,greek_culture,group:greek_group,
english,english,,
scottish,scottish,,
french,french,group:french_group,
swedish,swedish,,
